{
  "latitude": 17.4828617,
  "longitude": 78.3271216,
  "timezone": "Asia/Kolkata",
  "currently": {
    "time": 1565787306,
    "summary": "Humid and Mostly Cloudy",
    "icon": "partly-cloudy-day",
    "nearestStormDistance": 0,
    "precipIntensity": 0.0428,
    "precipProbability": 0.29,
    "precipType": "rain",
    "temperature": 79.61,
    "apparentTemperature": 84.18,
    "dewPoint": 75.26,
    "humidity": 0.87,
    "pressure": 1005.17,
    "windSpeed": 5.88,
    "windGust": 14.09,
    "windBearing": 267,
    "cloudCover": 0.75,
    "uvIndex": 0,
    "visibility": 6.152,
    "ozone": 265.9
  },
  "hourly": {
    "summary": "Possible light rain starting later this evening, continuing until tomorrow morning.",
    "icon": "rain",
    "data": [
      {
        "time": 1565785800,
        "summary": "Humid and Mostly Cloudy",
        "icon": "partly-cloudy-day",
        "precipIntensity": 0.0415,
        "precipProbability": 0.29,
        "precipType": "rain",
        "temperature": 80.6,
        "apparentTemperature": 86.12,
        "dewPoint": 75.08,
        "humidity": 0.83,
        "pressure": 1004.81,
        "windSpeed": 6.22,
        "windGust": 14.35,
        "windBearing": 252,
        "cloudCover": 0.75,
        "uvIndex": 0,
        "visibility": 4.843,
        "ozone": 265.6
      },
      {
        "time": 1565789400,
        "summary": "Possible Light Rain and Humid",
        "icon": "rain",
        "precipIntensity": 0.0552,
        "precipProbability": 0.31,
        "precipType": "rain",
        "temperature": 78.13,
        "apparentTemperature": 79.95,
        "dewPoint": 75.47,
        "humidity": 0.92,
        "pressure": 1005.89,
        "windSpeed": 5.55,
        "windGust": 13.4,
        "windBearing": 228,
        "cloudCover": 0.76,
        "uvIndex": 0,
        "visibility": 8.61,
        "ozone": 266
      },
      {
        "time": 1565793000,
        "summary": "Possible Light Rain and Humid",
        "icon": "rain",
        "precipIntensity": 0.0797,
        "precipProbability": 0.36,
        "precipType": "rain",
        "temperature": 76.07,
        "apparentTemperature": 77.95,
        "dewPoint": 75.26,
        "humidity": 0.97,
        "pressure": 1007.09,
        "windSpeed": 5.34,
        "windGust": 12.3,
        "windBearing": 224,
        "cloudCover": 0.84,
        "uvIndex": 0,
        "visibility": 10,
        "ozone": 266.2
      },
      {
        "time": 1565796600,
        "summary": "Possible Light Rain and Humid",
        "icon": "rain",
        "precipIntensity": 0.0863,
        "precipProbability": 0.36,
        "precipType": "rain",
        "temperature": 74.95,
        "apparentTemperature": 76.76,
        "dewPoint": 74.4,
        "humidity": 0.98,
        "pressure": 1008,
        "windSpeed": 5.67,
        "windGust": 11.53,
        "windBearing": 247,
        "cloudCover": 0.96,
        "uvIndex": 0,
        "visibility": 10,
        "ozone": 266.2
      },
      {
        "time": 1565800200,
        "summary": "Possible Light Rain and Humid",
        "icon": "rain",
        "precipIntensity": 0.0669,
        "precipProbability": 0.33,
        "precipType": "rain",
        "temperature": 74.48,
        "apparentTemperature": 76.2,
        "dewPoint": 73.68,
        "humidity": 0.97,
        "pressure": 1008.64,
        "windSpeed": 6.29,
        "windGust": 11.1,
        "windBearing": 267,
        "cloudCover": 1,
        "uvIndex": 0,
        "visibility": 10,
        "ozone": 265.8
      },
      {
        "time": 1565803800,
        "summary": "Possible Light Rain and Humid",
        "icon": "rain",
        "precipIntensity": 0.0438,
        "precipProbability": 0.31,
        "precipType": "rain",
        "temperature": 74.13,
        "apparentTemperature": 75.84,
        "dewPoint": 73.49,
        "humidity": 0.98,
        "pressure": 1009.01,
        "windSpeed": 6.94,
        "windGust": 11.42,
        "windBearing": 274,
        "cloudCover": 1,
        "uvIndex": 0,
        "visibility": 10,
        "ozone": 265.5
      },
      {
        "time": 1565807400,
        "summary": "Humid and Overcast",
        "icon": "cloudy",
        "precipIntensity": 0.0296,
        "precipProbability": 0.29,
        "precipType": "rain",
        "temperature": 73.72,
        "apparentTemperature": 75.46,
        "dewPoint": 73.55,
        "humidity": 0.99,
        "pressure": 1008.92,
        "windSpeed": 7.34,
        "windGust": 13.41,
        "windBearing": 277,
        "cloudCover": 1,
        "uvIndex": 0,
        "visibility": 10,
        "ozone": 265.6
      },
      {
        "time": 1565811000,
        "summary": "Humid and Overcast",
        "icon": "cloudy",
        "precipIntensity": 0.0217,
        "precipProbability": 0.26,
        "precipType": "rain",
        "temperature": 73.34,
        "apparentTemperature": 75.07,
        "dewPoint": 73.34,
        "humidity": 1,
        "pressure": 1008.34,
        "windSpeed": 7.5,
        "windGust": 17.06,
        "windBearing": 231,
        "cloudCover": 1,
        "uvIndex": 0,
        "visibility": 10,
        "ozone": 266
      },
      {
        "time": 1565814600,
        "summary": "Humid and Overcast",
        "icon": "cloudy",
        "precipIntensity": 0.0176,
        "precipProbability": 0.25,
        "precipType": "rain",
        "temperature": 73,
        "apparentTemperature": 74.7,
        "dewPoint": 73,
        "humidity": 1,
        "pressure": 1007.71,
        "windSpeed": 7.73,
        "windGust": 20.99,
        "windBearing": 248,
        "cloudCover": 1,
        "uvIndex": 0,
        "visibility": 10,
        "ozone": 266.4
      },
      {
        "time": 1565818200,
        "summary": "Humid and Overcast",
        "icon": "cloudy",
        "precipIntensity": 0.0177,
        "precipProbability": 0.25,
        "precipType": "rain",
        "temperature": 72.64,
        "apparentTemperature": 74.3,
        "dewPoint": 72.64,
        "humidity": 1,
        "pressure": 1007.46,
        "windSpeed": 8.35,
        "windGust": 24.1,
        "windBearing": 269,
        "cloudCover": 1,
        "uvIndex": 0,
        "visibility": 10,
        "ozone": 266.3
      },
      {
        "time": 1565821800,
        "summary": "Humid and Overcast",
        "icon": "cloudy",
        "precipIntensity": 0.0218,
        "precipProbability": 0.27,
        "precipType": "rain",
        "temperature": 72.27,
        "apparentTemperature": 73.89,
        "dewPoint": 72.27,
        "humidity": 1,
        "pressure": 1007.57,
        "windSpeed": 9.33,
        "windGust": 26.38,
        "windBearing": 269,
        "cloudCover": 1,
        "uvIndex": 0,
        "visibility": 10,
        "ozone": 265.5
      },
      {
        "time": 1565825400,
        "summary": "Humid and Overcast",
        "icon": "cloudy",
        "precipIntensity": 0.0252,
        "precipProbability": 0.26,
        "precipType": "rain",
        "temperature": 72.1,
        "apparentTemperature": 73.71,
        "dewPoint": 72.1,
        "humidity": 1,
        "pressure": 1007.87,
        "windSpeed": 10.37,
        "windGust": 27.68,
        "windBearing": 270,
        "cloudCover": 1,
        "uvIndex": 0,
        "visibility": 10,
        "ozone": 264.6
      },
      {
        "time": 1565829000,
        "summary": "Humid and Overcast",
        "icon": "cloudy",
        "precipIntensity": 0.0194,
        "precipProbability": 0.23,
        "precipType": "rain",
        "temperature": 72.21,
        "apparentTemperature": 73.83,
        "dewPoint": 72.21,
        "humidity": 1,
        "pressure": 1008.29,
        "windSpeed": 11.21,
        "windGust": 27.16,
        "windBearing": 271,
        "cloudCover": 1,
        "uvIndex": 0,
        "visibility": 10,
        "ozone": 264
      },
      {
        "time": 1565832600,
        "summary": "Humid and Overcast",
        "icon": "cloudy",
        "precipIntensity": 0.0078,
        "precipProbability": 0.15,
        "precipType": "rain",
        "temperature": 72.71,
        "apparentTemperature": 74.38,
        "dewPoint": 72.71,
        "humidity": 1,
        "pressure": 1008.85,
        "windSpeed": 11.84,
        "windGust": 24.84,
        "windBearing": 259,
        "cloudCover": 1,
        "uvIndex": 0,
        "visibility": 10,
        "ozone": 263.9
      },
      {
        "time": 1565836200,
        "summary": "Humid and Overcast",
        "icon": "cloudy",
        "precipIntensity": 0.0011,
        "precipProbability": 0.04,
        "precipType": "rain",
        "temperature": 73.6,
        "apparentTemperature": 75.36,
        "dewPoint": 73.6,
        "humidity": 1,
        "pressure": 1009.16,
        "windSpeed": 12.38,
        "windGust": 22.17,
        "windBearing": 258,
        "cloudCover": 0.99,
        "uvIndex": 2,
        "visibility": 10,
        "ozone": 263.9
      },
      {
        "time": 1565839800,
        "summary": "Humid and Overcast",
        "icon": "cloudy",
        "precipIntensity": 0,
        "precipProbability": 0,
        "temperature": 75.07,
        "apparentTemperature": 76.92,
        "dewPoint": 74.72,
        "humidity": 0.99,
        "pressure": 1009.19,
        "windSpeed": 13.08,
        "windGust": 20.53,
        "windBearing": 272,
        "cloudCover": 1,
        "uvIndex": 3,
        "visibility": 10,
        "ozone": 264.2
      },
      {
        "time": 1565843400,
        "summary": "Humid and Overcast",
        "icon": "cloudy",
        "precipIntensity": 0,
        "precipProbability": 0,
        "temperature": 77.19,
        "apparentTemperature": 78.95,
        "dewPoint": 74.81,
        "humidity": 0.92,
        "pressure": 1009.13,
        "windSpeed": 13.94,
        "windGust": 19.94,
        "windBearing": 267,
        "cloudCover": 1,
        "uvIndex": 5,
        "visibility": 10,
        "ozone": 264.6
      },
      {
        "time": 1565847000,
        "summary": "Humid and Overcast",
        "icon": "cloudy",
        "precipIntensity": 0.0004,
        "precipProbability": 0.04,
        "precipType": "rain",
        "temperature": 79.3,
        "apparentTemperature": 83.52,
        "dewPoint": 75.3,
        "humidity": 0.88,
        "pressure": 1008.75,
        "windSpeed": 14.62,
        "windGust": 19.71,
        "windBearing": 259,
        "cloudCover": 1,
        "uvIndex": 5,
        "visibility": 10,
        "ozone": 265.3
      },
      {
        "time": 1565850600,
        "summary": "Humid and Overcast",
        "icon": "cloudy",
        "precipIntensity": 0.0011,
        "precipProbability": 0.05,
        "precipType": "rain",
        "temperature": 81.05,
        "apparentTemperature": 87.45,
        "dewPoint": 75.92,
        "humidity": 0.84,
        "pressure": 1008.08,
        "windSpeed": 14.75,
        "windGust": 19.43,
        "windBearing": 231,
        "cloudCover": 0.95,
        "uvIndex": 6,
        "visibility": 10,
        "ozone": 266.5
      },
      {
        "time": 1565854200,
        "summary": "Humid and Mostly Cloudy",
        "icon": "partly-cloudy-day",
        "precipIntensity": 0.0025,
        "precipProbability": 0.06,
        "precipType": "rain",
        "temperature": 82.58,
        "apparentTemperature": 90.49,
        "dewPoint": 76.11,
        "humidity": 0.81,
        "pressure": 1007.16,
        "windSpeed": 14.31,
        "windGust": 19.11,
        "windBearing": 253,
        "cloudCover": 0.84,
        "uvIndex": 7,
        "visibility": 9.954,
        "ozone": 267.9
      },
      {
        "time": 1565857800,
        "summary": "Humid and Mostly Cloudy",
        "icon": "partly-cloudy-day",
        "precipIntensity": 0.0044,
        "precipProbability": 0.07,
        "precipType": "rain",
        "temperature": 83.7,
        "apparentTemperature": 92.39,
        "dewPoint": 76.04,
        "humidity": 0.78,
        "pressure": 1006.17,
        "windSpeed": 13.66,
        "windGust": 18.81,
        "windBearing": 298,
        "cloudCover": 0.72,
        "uvIndex": 7,
        "visibility": 6.931,
        "ozone": 269.3
      },
      {
        "time": 1565861400,
        "summary": "Humid and Mostly Cloudy",
        "icon": "partly-cloudy-day",
        "precipIntensity": 0.0063,
        "precipProbability": 0.08,
        "precipType": "rain",
        "temperature": 84.02,
        "apparentTemperature": 92.86,
        "dewPoint": 75.97,
        "humidity": 0.77,
        "pressure": 1005.5,
        "windSpeed": 13.11,
        "windGust": 18.44,
        "windBearing": 293,
        "cloudCover": 0.63,
        "uvIndex": 5,
        "visibility": 6.964,
        "ozone": 270.1
      },
      {
        "time": 1565865000,
        "summary": "Humid and Mostly Cloudy",
        "icon": "partly-cloudy-day",
        "precipIntensity": 0.0081,
        "precipProbability": 0.11,
        "precipType": "rain",
        "temperature": 83.74,
        "apparentTemperature": 92.27,
        "dewPoint": 75.84,
        "humidity": 0.77,
        "pressure": 1005.13,
        "windSpeed": 12.67,
        "windGust": 18,
        "windBearing": 264,
        "cloudCover": 0.59,
        "uvIndex": 3,
        "visibility": 10,
        "ozone": 270.1
      },
      {
        "time": 1565868600,
        "summary": "Humid and Mostly Cloudy",
        "icon": "partly-cloudy-day",
        "precipIntensity": 0.0094,
        "precipProbability": 0.13,
        "precipType": "rain",
        "temperature": 82.78,
        "apparentTemperature": 90.63,
        "dewPoint": 75.84,
        "humidity": 0.8,
        "pressure": 1005.08,
        "windSpeed": 12.15,
        "windGust": 17.91,
        "windBearing": 235,
        "cloudCover": 0.58,
        "uvIndex": 1,
        "visibility": 10,
        "ozone": 270
      },
      {
        "time": 1565872200,
        "summary": "Humid and Mostly Cloudy",
        "icon": "partly-cloudy-day",
        "precipIntensity": 0.0111,
        "precipProbability": 0.14,
        "precipType": "rain",
        "temperature": 80.74,
        "apparentTemperature": 86.87,
        "dewPoint": 75.93,
        "humidity": 0.85,
        "pressure": 1005.52,
        "windSpeed": 11.33,
        "windGust": 18.78,
        "windBearing": 247,
        "cloudCover": 0.64,
        "uvIndex": 0,
        "visibility": 10,
        "ozone": 270
      },
      {
        "time": 1565875800,
        "summary": "Humid and Mostly Cloudy",
        "icon": "partly-cloudy-night",
        "precipIntensity": 0.0216,
        "precipProbability": 0.2,
        "precipType": "rain",
        "temperature": 78.1,
        "apparentTemperature": 79.97,
        "dewPoint": 75.86,
        "humidity": 0.93,
        "pressure": 1006.43,
        "windSpeed": 10.18,
        "windGust": 20.61,
        "windBearing": 264,
        "cloudCover": 0.77,
        "uvIndex": 0,
        "visibility": 10,
        "ozone": 270.3
      },
      {
        "time": 1565879400,
        "summary": "Humid and Overcast",
        "icon": "cloudy",
        "precipIntensity": 0.0384,
        "precipProbability": 0.28,
        "precipType": "rain",
        "temperature": 76.03,
        "apparentTemperature": 77.93,
        "dewPoint": 75.35,
        "humidity": 0.98,
        "pressure": 1007.43,
        "windSpeed": 9.08,
        "windGust": 22.59,
        "windBearing": 286,
        "cloudCover": 0.9,
        "uvIndex": 0,
        "visibility": 10,
        "ozone": 270.5
      },
      {
        "time": 1565883000,
        "summary": "Humid and Overcast",
        "icon": "cloudy",
        "precipIntensity": 0.0375,
        "precipProbability": 0.29,
        "precipType": "rain",
        "temperature": 75.1,
        "apparentTemperature": 76.92,
        "dewPoint": 74.57,
        "humidity": 0.98,
        "pressure": 1008.13,
        "windSpeed": 8.37,
        "windGust": 23.99,
        "windBearing": 290,
        "cloudCover": 0.98,
        "uvIndex": 0,
        "visibility": 10,
        "ozone": 270.6
      },
      {
        "time": 1565886600,
        "summary": "Humid and Overcast",
        "icon": "cloudy",
        "precipIntensity": 0.0195,
        "precipProbability": 0.22,
        "precipType": "rain",
        "temperature": 74.76,
        "apparentTemperature": 76.53,
        "dewPoint": 74.1,
        "humidity": 0.98,
        "pressure": 1008.52,
        "windSpeed": 8.02,
        "windGust": 24.82,
        "windBearing": 136,
        "cloudCover": 0.99,
        "uvIndex": 0,
        "visibility": 10,
        "ozone": 270.7
      },
      {
        "time": 1565890200,
        "summary": "Humid and Overcast",
        "icon": "cloudy",
        "precipIntensity": 0.0081,
        "precipProbability": 0.14,
        "precipType": "rain",
        "temperature": 74.45,
        "apparentTemperature": 76.26,
        "dewPoint": 74.25,
        "humidity": 0.99,
        "pressure": 1008.69,
        "windSpeed": 7.96,
        "windGust": 25.34,
        "windBearing": 209,
        "cloudCover": 0.97,
        "uvIndex": 0,
        "visibility": 10,
        "ozone": 270.8
      },
      {
        "time": 1565893800,
        "summary": "Humid and Overcast",
        "icon": "cloudy",
        "precipIntensity": 0.005,
        "precipProbability": 0.09,
        "precipType": "rain",
        "temperature": 73.92,
        "apparentTemperature": 75.71,
        "dewPoint": 73.92,
        "humidity": 1,
        "pressure": 1008.56,
        "windSpeed": 8.27,
        "windGust": 25.56,
        "windBearing": 258,
        "cloudCover": 0.93,
        "uvIndex": 0,
        "visibility": 10,
        "ozone": 270.9
      },
      {
        "time": 1565897400,
        "summary": "Humid and Mostly Cloudy",
        "icon": "partly-cloudy-night",
        "precipIntensity": 0.005,
        "precipProbability": 0.07,
        "precipType": "rain",
        "temperature": 73.16,
        "apparentTemperature": 74.87,
        "dewPoint": 73.16,
        "humidity": 1,
        "pressure": 1008.15,
        "windSpeed": 8.98,
        "windGust": 25.49,
        "windBearing": 259,
        "cloudCover": 0.86,
        "uvIndex": 0,
        "visibility": 10,
        "ozone": 270.9
      },
      {
        "time": 1565901000,
        "summary": "Humid and Mostly Cloudy",
        "icon": "partly-cloudy-night",
        "precipIntensity": 0.009,
        "precipProbability": 0.07,
        "precipType": "rain",
        "temperature": 72.36,
        "apparentTemperature": 74,
        "dewPoint": 72.36,
        "humidity": 1,
        "pressure": 1007.71,
        "windSpeed": 9.8,
        "windGust": 25.29,
        "windBearing": 255,
        "cloudCover": 0.79,
        "uvIndex": 0,
        "visibility": 10,
        "ozone": 270.9
      },
      {
        "time": 1565904600,
        "summary": "Mostly Cloudy",
        "icon": "partly-cloudy-night",
        "precipIntensity": 0.0096,
        "precipProbability": 0.07,
        "precipType": "rain",
        "temperature": 71.67,
        "apparentTemperature": 73.24,
        "dewPoint": 71.67,
        "humidity": 1,
        "pressure": 1007.52,
        "windSpeed": 10.48,
        "windGust": 25.23,
        "windBearing": 263,
        "cloudCover": 0.73,
        "uvIndex": 0,
        "visibility": 10,
        "ozone": 270.7
      },
      {
        "time": 1565908200,
        "summary": "Mostly Cloudy",
        "icon": "partly-cloudy-night",
        "precipIntensity": 0.0048,
        "precipProbability": 0.05,
        "precipType": "rain",
        "temperature": 71.06,
        "apparentTemperature": 72.56,
        "dewPoint": 71.06,
        "humidity": 1,
        "pressure": 1007.57,
        "windSpeed": 11.07,
        "windGust": 25.29,
        "windBearing": 265,
        "cloudCover": 0.7,
        "uvIndex": 0,
        "visibility": 10,
        "ozone": 270.5
      },
      {
        "time": 1565911800,
        "summary": "Mostly Cloudy",
        "icon": "partly-cloudy-night",
        "precipIntensity": 0.0011,
        "precipProbability": 0.04,
        "precipType": "rain",
        "temperature": 70.83,
        "apparentTemperature": 72.31,
        "dewPoint": 70.83,
        "humidity": 1,
        "pressure": 1007.57,
        "windSpeed": 11.64,
        "windGust": 25.22,
        "windBearing": 262,
        "cloudCover": 0.65,
        "uvIndex": 0,
        "visibility": 10,
        "ozone": 270.3
      },
      {
        "time": 1565915400,
        "summary": "Mostly Cloudy",
        "icon": "partly-cloudy-night",
        "precipIntensity": 0,
        "precipProbability": 0,
        "temperature": 71.17,
        "apparentTemperature": 72.69,
        "dewPoint": 71.17,
        "humidity": 1,
        "pressure": 1007.69,
        "windSpeed": 12.26,
        "windGust": 24.82,
        "windBearing": 243,
        "cloudCover": 0.55,
        "uvIndex": 0,
        "visibility": 10,
        "ozone": 270.4
      },
      {
        "time": 1565919000,
        "summary": "Humid and Partly Cloudy",
        "icon": "partly-cloudy-day",
        "precipIntensity": 0,
        "precipProbability": 0,
        "temperature": 72.26,
        "apparentTemperature": 73.88,
        "dewPoint": 72.26,
        "humidity": 1,
        "pressure": 1008.12,
        "windSpeed": 12.91,
        "windGust": 24.06,
        "windBearing": 271,
        "cloudCover": 0.4,
        "uvIndex": 0,
        "visibility": 10,
        "ozone": 270.8
      },
      {
        "time": 1565922600,
        "summary": "Humid and Partly Cloudy",
        "icon": "partly-cloudy-day",
        "precipIntensity": 0,
        "precipProbability": 0,
        "temperature": 74.01,
        "apparentTemperature": 75.78,
        "dewPoint": 73.79,
        "humidity": 0.99,
        "pressure": 1008.53,
        "windSpeed": 13.5,
        "windGust": 23.11,
        "windBearing": 290,
        "cloudCover": 0.25,
        "uvIndex": 2,
        "visibility": 10,
        "ozone": 271.1
      },
      {
        "time": 1565926200,
        "summary": "Humid and Partly Cloudy",
        "icon": "partly-cloudy-day",
        "precipIntensity": 0,
        "precipProbability": 0,
        "temperature": 76.07,
        "apparentTemperature": 77.73,
        "dewPoint": 73.8,
        "humidity": 0.93,
        "pressure": 1008.67,
        "windSpeed": 13.97,
        "windGust": 21.99,
        "windBearing": 237,
        "cloudCover": 0.17,
        "uvIndex": 5,
        "visibility": 10,
        "ozone": 271.1
      },
      {
        "time": 1565929800,
        "summary": "Humid and Partly Cloudy",
        "icon": "partly-cloudy-day",
        "precipIntensity": 0,
        "precipProbability": 0,
        "temperature": 78.39,
        "apparentTemperature": 81.32,
        "dewPoint": 74.26,
        "humidity": 0.87,
        "pressure": 1008.56,
        "windSpeed": 14.33,
        "windGust": 20.72,
        "windBearing": 267,
        "cloudCover": 0.16,
        "uvIndex": 8,
        "visibility": 10,
        "ozone": 270.6
      },
      {
        "time": 1565933400,
        "summary": "Humid and Partly Cloudy",
        "icon": "partly-cloudy-day",
        "precipIntensity": 0,
        "precipProbability": 0,
        "temperature": 80.57,
        "apparentTemperature": 86.07,
        "dewPoint": 75.11,
        "humidity": 0.84,
        "pressure": 1008.26,
        "windSpeed": 14.55,
        "windGust": 19.59,
        "windBearing": 301,
        "cloudCover": 0.19,
        "uvIndex": 10,
        "visibility": 10,
        "ozone": 269.9
      },
      {
        "time": 1565937000,
        "summary": "Humid and Partly Cloudy",
        "icon": "partly-cloudy-day",
        "precipIntensity": 0.0003,
        "precipProbability": 0.02,
        "precipType": "rain",
        "temperature": 82.18,
        "apparentTemperature": 89.41,
        "dewPoint": 75.65,
        "humidity": 0.81,
        "pressure": 1007.74,
        "windSpeed": 14.63,
        "windGust": 18.96,
        "windBearing": 287,
        "cloudCover": 0.26,
        "uvIndex": 11,
        "visibility": 10,
        "ozone": 269.1
      },
      {
        "time": 1565940600,
        "summary": "Humid and Partly Cloudy",
        "icon": "partly-cloudy-day",
        "precipIntensity": 0.001,
        "precipProbability": 0.03,
        "precipType": "rain",
        "temperature": 83.34,
        "apparentTemperature": 91.34,
        "dewPoint": 75.52,
        "humidity": 0.77,
        "pressure": 1006.9,
        "windSpeed": 14.57,
        "windGust": 18.82,
        "windBearing": 270,
        "cloudCover": 0.39,
        "uvIndex": 10,
        "visibility": 10,
        "ozone": 268.3
      },
      {
        "time": 1565944200,
        "summary": "Humid and Mostly Cloudy",
        "icon": "partly-cloudy-day",
        "precipIntensity": 0.0022,
        "precipProbability": 0.04,
        "precipType": "rain",
        "temperature": 84.08,
        "apparentTemperature": 92.18,
        "dewPoint": 75.1,
        "humidity": 0.74,
        "pressure": 1005.99,
        "windSpeed": 14.21,
        "windGust": 18.9,
        "windBearing": 256,
        "cloudCover": 0.51,
        "uvIndex": 8,
        "visibility": 10,
        "ozone": 267.4
      },
      {
        "time": 1565947800,
        "summary": "Humid and Mostly Cloudy",
        "icon": "partly-cloudy-day",
        "precipIntensity": 0.003,
        "precipProbability": 0.06,
        "precipType": "rain",
        "temperature": 84.24,
        "apparentTemperature": 92.07,
        "dewPoint": 74.68,
        "humidity": 0.73,
        "pressure": 1005.32,
        "windSpeed": 13.33,
        "windGust": 18.9,
        "windBearing": 274,
        "cloudCover": 0.58,
        "uvIndex": 6,
        "visibility": 10,
        "ozone": 266.7
      },
      {
        "time": 1565951400,
        "summary": "Humid and Mostly Cloudy",
        "icon": "partly-cloudy-day",
        "precipIntensity": 0.0029,
        "precipProbability": 0.07,
        "precipType": "rain",
        "temperature": 84.11,
        "apparentTemperature": 91.54,
        "dewPoint": 74.3,
        "humidity": 0.72,
        "pressure": 1004.9,
        "windSpeed": 11.91,
        "windGust": 18.84,
        "windBearing": 274,
        "cloudCover": 0.59,
        "uvIndex": 3,
        "visibility": 10,
        "ozone": 266.1
      },
      {
        "time": 1565955000,
        "summary": "Humid and Mostly Cloudy",
        "icon": "partly-cloudy-day",
        "precipIntensity": 0.0023,
        "precipProbability": 0.07,
        "precipType": "rain",
        "temperature": 83.67,
        "apparentTemperature": 90.64,
        "dewPoint": 74,
        "humidity": 0.73,
        "pressure": 1004.78,
        "windSpeed": 10.52,
        "windGust": 18.97,
        "windBearing": 278,
        "cloudCover": 0.6,
        "uvIndex": 1,
        "visibility": 10,
        "ozone": 265.6
      },
      {
        "time": 1565958600,
        "summary": "Humid and Mostly Cloudy",
        "icon": "partly-cloudy-day",
        "precipIntensity": 0.0014,
        "precipProbability": 0.07,
        "precipType": "rain",
        "temperature": 82.23,
        "apparentTemperature": 88.23,
        "dewPoint": 73.79,
        "humidity": 0.76,
        "pressure": 1005.02,
        "windSpeed": 9.67,
        "windGust": 19.51,
        "windBearing": 308,
        "cloudCover": 0.68,
        "uvIndex": 0,
        "visibility": 10,
        "ozone": 265.3
      }
    ]
  },
  "daily": {
    "summary": "Light rain throughout the week, with high temperatures peaking at 84�F on Friday.",
    "icon": "rain",
    "data": [
      {
        "time": 1565721000,
        "summary": "Light rain and humid throughout the day.",
        "icon": "rain",
        "sunriseTime": 1565742639,
        "sunsetTime": 1565788505,
        "moonPhase": 0.47,
        "precipIntensity": 0.0383,
        "precipIntensityMax": 0.0863,
        "precipIntensityMaxTime": 1565796600,
        "precipProbability": 0.97,
        "precipType": "rain",
        "temperatureHigh": 83.82,
        "temperatureHighTime": 1565775000,
        "temperatureLow": 72.1,
        "temperatureLowTime": 1565825400,
        "apparentTemperatureHigh": 92.87,
        "apparentTemperatureHighTime": 1565775000,
        "apparentTemperatureLow": 73.71,
        "apparentTemperatureLowTime": 1565825400,
        "dewPoint": 73.26,
        "humidity": 0.93,
        "pressure": 1006.57,
        "windSpeed": 7.23,
        "windGust": 22.65,
        "windGustTime": 1565746200,
        "windBearing": 261,
        "cloudCover": 0.81,
        "uvIndex": 7,
        "uvIndexTime": 1565764200,
        "visibility": 4.672,
        "ozone": 265.3,
        "temperatureMin": 67.74,
        "temperatureMinTime": 1565728200,
        "temperatureMax": 83.82,
        "temperatureMaxTime": 1565775000,
        "apparentTemperatureMin": 68.92,
        "apparentTemperatureMinTime": 1565728200,
        "apparentTemperatureMax": 92.87,
        "apparentTemperatureMaxTime": 1565775000
      },
      {
        "time": 1565807400,
        "summary": "Possible light rain until morning, starting again in the evening.",
        "icon": "rain",
        "sunriseTime": 1565829054,
        "sunsetTime": 1565874869,
        "moonPhase": 0.5,
        "precipIntensity": 0.0134,
        "precipIntensityMax": 0.0384,
        "precipIntensityMaxTime": 1565879400,
        "precipProbability": 0.88,
        "precipType": "rain",
        "temperatureHigh": 84.02,
        "temperatureHighTime": 1565861400,
        "temperatureLow": 70.83,
        "temperatureLowTime": 1565911800,
        "apparentTemperatureHigh": 92.86,
        "apparentTemperatureHighTime": 1565861400,
        "apparentTemperatureLow": 72.31,
        "apparentTemperatureLowTime": 1565911800,
        "dewPoint": 74.4,
        "humidity": 0.93,
        "pressure": 1007.67,
        "windSpeed": 10.86,
        "windGust": 27.68,
        "windGustTime": 1565825400,
        "windBearing": 264,
        "cloudCover": 0.9,
        "uvIndex": 7,
        "uvIndexTime": 1565857800,
        "visibility": 9.754,
        "ozone": 267.5,
        "temperatureMin": 72.1,
        "temperatureMinTime": 1565825400,
        "temperatureMax": 84.02,
        "temperatureMaxTime": 1565861400,
        "apparentTemperatureMin": 73.71,
        "apparentTemperatureMinTime": 1565825400,
        "apparentTemperatureMax": 92.86,
        "apparentTemperatureMaxTime": 1565861400
      },
      {
        "time": 1565893800,
        "summary": "Possible light rain overnight.",
        "icon": "rain",
        "sunriseTime": 1565915468,
        "sunsetTime": 1565961232,
        "moonPhase": 0.53,
        "precipIntensity": 0.0042,
        "precipIntensityMax": 0.0233,
        "precipIntensityMaxTime": 1565980200,
        "precipProbability": 0.54,
        "precipType": "rain",
        "temperatureHigh": 84.24,
        "temperatureHighTime": 1565947800,
        "temperatureLow": 69.92,
        "temperatureLowTime": 1565994600,
        "apparentTemperatureHigh": 92.18,
        "apparentTemperatureHighTime": 1565944200,
        "apparentTemperatureLow": 71.31,
        "apparentTemperatureLowTime": 1565994600,
        "dewPoint": 73.52,
        "humidity": 0.9,
        "pressure": 1007.28,
        "windSpeed": 11.72,
        "windGust": 27.88,
        "windGustTime": 1565980200,
        "windBearing": 267,
        "cloudCover": 0.63,
        "uvIndex": 11,
        "uvIndexTime": 1565937000,
        "visibility": 10,
        "ozone": 268.2,
        "temperatureMin": 70.83,
        "temperatureMinTime": 1565911800,
        "temperatureMax": 84.24,
        "temperatureMaxTime": 1565947800,
        "apparentTemperatureMin": 72.31,
        "apparentTemperatureMinTime": 1565911800,
        "apparentTemperatureMax": 92.18,
        "apparentTemperatureMaxTime": 1565944200
      },
      {
        "time": 1565980200,
        "summary": "Humid and overcast throughout the day.",
        "icon": "rain",
        "sunriseTime": 1566001882,
        "sunsetTime": 1566047595,
        "moonPhase": 0.56,
        "precipIntensity": 0.0019,
        "precipIntensityMax": 0.0233,
        "precipIntensityMaxTime": 1565980200,
        "precipProbability": 0.37,
        "precipType": "rain",
        "temperatureHigh": 83.23,
        "temperatureHighTime": 1566034200,
        "temperatureLow": 71.82,
        "temperatureLowTime": 1566088200,
        "apparentTemperatureHigh": 90.21,
        "apparentTemperatureHighTime": 1566034200,
        "apparentTemperatureLow": 73.41,
        "apparentTemperatureLowTime": 1566088200,
        "dewPoint": 73.03,
        "humidity": 0.9,
        "pressure": 1007.01,
        "windSpeed": 9.81,
        "windGust": 28.23,
        "windGustTime": 1565983800,
        "windBearing": 284,
        "cloudCover": 1,
        "uvIndex": 5,
        "uvIndexTime": 1566023400,
        "visibility": 10,
        "ozone": 265.9,
        "temperatureMin": 69.92,
        "temperatureMinTime": 1565994600,
        "temperatureMax": 83.23,
        "temperatureMaxTime": 1566034200,
        "apparentTemperatureMin": 71.31,
        "apparentTemperatureMinTime": 1565994600,
        "apparentTemperatureMax": 90.21,
        "apparentTemperatureMaxTime": 1566034200
      },
      {
        "time": 1566066600,
        "summary": "Light rain and humid throughout the day.",
        "icon": "rain",
        "sunriseTime": 1566088296,
        "sunsetTime": 1566133957,
        "moonPhase": 0.59,
        "precipIntensity": 0.0108,
        "precipIntensityMax": 0.0319,
        "precipIntensityMaxTime": 1566127800,
        "precipProbability": 0.87,
        "precipType": "rain",
        "temperatureHigh": 83.13,
        "temperatureHighTime": 1566117000,
        "temperatureLow": 70.14,
        "temperatureLowTime": 1566174600,
        "apparentTemperatureHigh": 91.56,
        "apparentTemperatureHighTime": 1566117000,
        "apparentTemperatureLow": 71.55,
        "apparentTemperatureLowTime": 1566174600,
        "dewPoint": 74.61,
        "humidity": 0.93,
        "pressure": 1007.7,
        "windSpeed": 8.6,
        "windGust": 24.87,
        "windGustTime": 1566077400,
        "windBearing": 295,
        "cloudCover": 1,
        "uvIndex": 5,
        "uvIndexTime": 1566113400,
        "visibility": 8.766,
        "ozone": 268.5,
        "temperatureMin": 71.82,
        "temperatureMinTime": 1566088200,
        "temperatureMax": 83.13,
        "temperatureMaxTime": 1566117000,
        "apparentTemperatureMin": 73.41,
        "apparentTemperatureMinTime": 1566088200,
        "apparentTemperatureMax": 91.56,
        "apparentTemperatureMaxTime": 1566117000
      },
      {
        "time": 1566153000,
        "summary": "Possible light rain until morning, starting again in the evening.",
        "icon": "rain",
        "sunriseTime": 1566174709,
        "sunsetTime": 1566220318,
        "moonPhase": 0.63,
        "precipIntensity": 0.0102,
        "precipIntensityMax": 0.0407,
        "precipIntensityMaxTime": 1566160200,
        "precipProbability": 0.91,
        "precipType": "rain",
        "temperatureHigh": 80.54,
        "temperatureHighTime": 1566207000,
        "temperatureLow": 70.24,
        "temperatureLowTime": 1566257400,
        "apparentTemperatureHigh": 88.24,
        "apparentTemperatureHighTime": 1566203400,
        "apparentTemperatureLow": 71.67,
        "apparentTemperatureLowTime": 1566257400,
        "dewPoint": 74.57,
        "humidity": 0.97,
        "pressure": 1008.19,
        "windSpeed": 8.53,
        "windGust": 25.84,
        "windGustTime": 1566171000,
        "windBearing": 272,
        "cloudCover": 0.98,
        "uvIndex": 6,
        "uvIndexTime": 1566199800,
        "visibility": 9.728,
        "ozone": 266,
        "temperatureMin": 70.14,
        "temperatureMinTime": 1566174600,
        "temperatureMax": 80.54,
        "temperatureMaxTime": 1566207000,
        "apparentTemperatureMin": 71.55,
        "apparentTemperatureMinTime": 1566174600,
        "apparentTemperatureMax": 88.24,
        "apparentTemperatureMaxTime": 1566203400
      },
      {
        "time": 1566239400,
        "summary": "Possible light rain and humid throughout the day.",
        "icon": "rain",
        "sunriseTime": 1566261122,
        "sunsetTime": 1566306678,
        "moonPhase": 0.66,
        "precipIntensity": 0.0064,
        "precipIntensityMax": 0.0154,
        "precipIntensityMaxTime": 1566257400,
        "precipProbability": 0.86,
        "precipType": "rain",
        "temperatureHigh": 81,
        "temperatureHighTime": 1566286200,
        "temperatureLow": 70.15,
        "temperatureLowTime": 1566343800,
        "apparentTemperatureHigh": 89.49,
        "apparentTemperatureHighTime": 1566286200,
        "apparentTemperatureLow": 71.57,
        "apparentTemperatureLowTime": 1566343800,
        "dewPoint": 75.09,
        "humidity": 0.98,
        "pressure": 1007.71,
        "windSpeed": 9.69,
        "windGust": 26.79,
        "windGustTime": 1566253800,
        "windBearing": 293,
        "cloudCover": 0.86,
        "uvIndex": 8,
        "uvIndexTime": 1566282600,
        "visibility": 10,
        "ozone": 265.2,
        "temperatureMin": 70.24,
        "temperatureMinTime": 1566257400,
        "temperatureMax": 81,
        "temperatureMaxTime": 1566286200,
        "apparentTemperatureMin": 71.67,
        "apparentTemperatureMinTime": 1566257400,
        "apparentTemperatureMax": 89.49,
        "apparentTemperatureMaxTime": 1566286200
      },
      {
        "time": 1566325800,
        "summary": "Possible light rain and humid throughout the day.",
        "icon": "rain",
        "sunriseTime": 1566347535,
        "sunsetTime": 1566393037,
        "moonPhase": 0.69,
        "precipIntensity": 0.0266,
        "precipIntensityMax": 0.062,
        "precipIntensityMaxTime": 1566383400,
        "precipProbability": 0.93,
        "precipType": "rain",
        "temperatureHigh": 81.19,
        "temperatureHighTime": 1566372600,
        "temperatureLow": 69.31,
        "temperatureLowTime": 1566430200,
        "apparentTemperatureHigh": 91.3,
        "apparentTemperatureHighTime": 1566372600,
        "apparentTemperatureLow": 70.64,
        "apparentTemperatureLowTime": 1566430200,
        "dewPoint": 75.27,
        "humidity": 0.99,
        "pressure": 1006.43,
        "windSpeed": 10.03,
        "windGust": 23.9,
        "windGustTime": 1566412200,
        "windBearing": 289,
        "cloudCover": 0.99,
        "uvIndex": 5,
        "uvIndexTime": 1566372600,
        "visibility": 10,
        "ozone": 268,
        "temperatureMin": 70.15,
        "temperatureMinTime": 1566343800,
        "temperatureMax": 81.19,
        "temperatureMaxTime": 1566372600,
        "apparentTemperatureMin": 71.57,
        "apparentTemperatureMinTime": 1566343800,
        "apparentTemperatureMax": 91.3,
        "apparentTemperatureMaxTime": 1566372600
      }
    ]
  },
  "flags": {
    "sources": [
      "cmc",
      "gfs",
      "icon",
      "isd",
      "madis"
    ],
    "nearest-station": 9.088,
    "units": "us"
  },
  "offset": 5.5
}
