<?xml version="1.0" encoding="utf-8"?>
<root><ip>2405:204:6308:ee1d:c9df:a14a:1968:8f52</ip><city>Himmatnagar</city><region>Telangana</region><region_code>TG</region_code><country>IN</country><country_name>India</country_name><continent_code>AS</continent_code><in_eu>False</in_eu><postal>505451</postal><latitude>18.512700</latitude><longitude>79.024200</longitude><timezone>Asia/Kolkata</timezone><utc_offset>+0530</utc_offset><country_calling_code>+91</country_calling_code><currency>INR</currency><languages>en-IN,hi,bn,te,mr,ta,ur,gu,kn,ml,or,pa,as,bh,sat,ks,ne,sd,kok,doi,mni,sit,sa,fr,lus,inc</languages><asn>AS55836</asn><org>Reliance Jio Infocomm Limited</org></root>