{
    "asn": "AS55836",
    "city": "Himmatnagar",
    "continent_code": "AS",
    "country": "IN",
    "country_calling_code": "+91",
    "country_name": "India",
    "currency": "INR",
    "in_eu": false,
    "ip": "2405:204:6308:ee1d:c9df:a14a:1968:8f52",
    "languages": "en-IN,hi,bn,te,mr,ta,ur,gu,kn,ml,or,pa,as,bh,sat,ks,ne,sd,kok,doi,mni,sit,sa,fr,lus,inc",
    "latitude": 18.5127,
    "longitude": 79.0242,
    "org": "Reliance Jio Infocomm Limited",
    "postal": "505451",
    "region": "Telangana",
    "region_code": "TG",
    "timezone": "Asia/Kolkata",
    "utc_offset": "+0530"
}